Topic 1,Topic 2,Topic 3,Topic 4,Topic 5,Topic 6,Topic 7,Topic 8,Topic 9,Topic 10
br,half,illume,home,resort,music,br,access,lovely,designed
bed,br,gulch,entertainment,hot,parking,hotel,br,welcome,br
room,park,br,time,living,available,newly,home,plenty,property
free,track,condo,games,check,br,comfortably,away,room,abode
bedrooms,iron,smart,board,bedroom,resort,unit,need,tennessee,modern
queen,recreational,energy,br,suite,close,common,private,br,away
bedroom,backyard,fantastic,just,nashville,country,renovated,comfort,natural,just
kitchen,walking,thinking,kitchen,separate,night,street,10am,group,netflix
living,bath,systems,toaster,square,hills,private,guest,morning,winning
king,near,sustainable,city,wyndham,city,room,enjoy,light,short
